ID,count1
0,1
1,2
2,1
3,1
4,2
5,1
6,1
7,2
8,1
9,2
10,11
11,3
12,2
13,2
14,1
15,2
16,1
17,1
18,1
19,6
20,2
21,1
22,1
23,1
24,1
25,1
26,1
27,3
28,1
29,1
30,4
31,2
32,2
33,1
34,2
35,4
36,1
37,1
38,2
39,1
40,3
41,1
42,2
43,2
44,2
45,2
46,9
47,1
48,2
49,1
50,1
51,1
52,3
53,2
54,2
55,1
56,3
57,1
58,1
59,1
60,1
61,1
62,9
63,1
64,4
65,1
66,8
67,6
68,3
69,1
70,1
71,2
72,1
73,3
74,4
75,1
76,2
77,1
78,1
79,1
80,2
81,2
82,1
83,1
84,2
85,1
86,1
87,1
88,1
89,5
90,1
91,1
92,2
93,1
94,10
95,3
96,1
97,1
98,2
99,4
100,7
101,1
102,5
103,2
104,2
105,1
106,2
107,19
108,6
109,3
110,1
111,3
112,1
113,1
114,1
115,1
116,1
117,2
118,6
119,4
120,1
121,1
122,3
123,1
124,1
125,1
126,1
127,1
128,1
129,9
130,1
131,2
132,3
133,1
134,1
135,1
136,1
137,1
138,1
139,2
140,2
141,4
142,6
143,1
144,2
145,1
146,4
147,1
148,2
149,4
150,4
151,1
152,1
153,1
154,2
155,1
156,4
157,2
158,2
159,2
160,4
161,1
162,1
163,2
164,1
165,3
166,1
167,1
168,1
169,3
170,2
171,7
172,9
173,3
174,1
175,3
176,1
177,2
178,1
179,1
180,5
181,2
182,2
183,1
184,4
185,1
186,5
187,1
188,14
189,1
190,1
191,4
192,3
193,4
194,1
195,2
196,5
197,1
198,2
199,2
200,1
201,1
202,4
203,1
204,11
205,1
206,8
207,1
208,2
209,2
210,2
211,3
212,1
213,1
214,1
215,4
216,1
217,10
218,1
219,1
220,1
221,1
222,1
223,3
224,1
225,3
226,8
227,1
228,1
229,1
230,2
231,1
232,1
233,1
234,2
235,3
236,3
237,1
238,1
239,1
240,1
241,2
242,2
243,1
244,5
245,2
246,1
247,2
248,3
249,17
250,2
251,4
252,2
253,1
254,1
255,1
256,1
257,2
258,1
259,2
260,3
261,1
262,1
263,2
264,1
265,2
266,2
267,2
268,1
269,1
270,1
271,2
272,2
273,2
274,1
275,1
276,1
277,6
278,3
279,1
280,1
281,1
282,2
283,2
284,3
285,1
286,1
287,1
288,2
289,1
290,1
291,2
292,2
293,3
294,2
295,1
296,3
297,2
298,1
299,4
300,6
301,1
302,1
303,1
304,1
305,1
306,1
307,2
308,4
309,2
310,1
311,3
312,1
313,1
314,1
315,1
316,1
317,1
318,3
319,1
320,1
321,1
322,2
323,1
324,1
325,1
326,3
327,3
328,1
329,1
330,2
331,1
332,10
333,3
334,4
335,4
336,1
337,7
338,1
339,1
340,1
341,1
342,1
343,4
344,2
345,1
346,1
347,1
348,1
349,1
350,1
351,1
352,6
353,1
354,2
355,1
356,1
357,1
358,1
359,1
360,1
361,2
362,1
363,1
364,2
365,2
366,10
367,1
368,1
369,1
370,3
371,1
372,1
373,2
374,1
375,1
376,1
377,1
378,1
379,1
380,2
381,2
382,4
383,4
384,9
385,1
386,10
387,5
388,1
389,5
390,1
391,5
392,19
393,1
394,5
395,1
396,2
397,1
398,1
399,1
400,1
401,7
402,2
403,3
404,1
405,2
406,1
407,1
408,3
409,1
410,2
411,2
412,3
413,2
414,2
415,1
416,3
417,1
418,1
419,1
420,2
421,1
422,2
423,2
424,12
425,1
426,1
427,4
428,1
429,5
430,1
431,2
432,1
433,1
434,3
435,1
436,4
437,1
438,1
439,1
440,6
441,1
442,1
443,1
444,1
445,1
446,1
447,3
448,2
449,2
450,4
451,2
452,4
453,1
454,4
455,1
456,1
457,3
458,1
459,1
460,13
461,2
462,1
463,3
464,1
465,1
466,2
467,2
468,3
469,1
470,3
471,1
472,2
473,1
474,1
475,4
476,1
477,1
478,1
479,2
480,2
481,1
482,1
483,1
484,2
485,1
486,3
487,2
488,4
489,1
490,1
491,1
492,2
493,10
494,2
495,3
496,9
497,2
498,3
499,1
500,1
501,1
502,2
503,1
504,1
505,1
506,24
507,1
508,1
509,1
510,1
511,1
512,1
513,3
514,3
515,1
516,1
517,1
518,3
519,1
520,2
521,3
522,15
523,3
524,1
525,1
526,4
527,7
528,2
529,2
530,2
531,1
532,7
533,4
534,2
535,1
536,6
537,1
538,1
539,7
540,2
541,2
542,2
543,1
544,3
545,1
546,6
547,5
548,1
549,2
550,2
551,2
552,2
553,1
554,1
555,5
556,1
557,3
558,1
559,1
560,3
561,1
562,1
563,3
564,3
565,1
566,3
567,1
568,3
569,1
570,5
571,1
572,2
573,1
574,1
575,2
576,1
577,1
578,1
579,2
580,1
581,2
582,4
583,3
584,1
585,3
586,1
587,2
588,4
589,1
590,3
591,1
592,2
593,5
594,3
595,1
596,2
597,1
598,2
599,1
600,2
601,1
602,1
603,1
604,3
605,3
606,15
607,1
608,1
609,3
610,1
611,1
612,3
613,2
614,1
615,2
616,1
617,1
618,1
619,1
620,2
621,3
622,2
623,7
624,1
625,1
626,2
627,1
628,1
629,1
630,4
631,5
632,2
633,2
634,1
635,1
636,1
637,2
638,2
639,9
640,1
641,6
642,3
643,2
644,1
645,1
646,2
647,1
648,7
649,3
650,1
651,2
652,1
653,1
654,4
655,1
656,1
657,3
658,1
659,2
660,1
661,1
662,2
663,6
664,1
665,2
666,1
667,1
668,1
669,1
670,1
671,1
672,2
673,4
674,1
675,2
676,1
677,2
678,1
679,1
680,1
681,1
682,4
683,2
684,1
685,1
686,1
687,1
688,3
689,1
690,1
691,1
692,1
693,3
694,1
695,2
696,4
697,1
698,3
699,1
700,2
701,1
702,2
703,1
704,2
705,1
706,3
707,9
708,1
709,1
710,8
711,2
712,1
713,4
714,9
715,1
716,1
717,1
718,1
719,1
720,3
721,2
722,14
723,5
724,3
725,1
726,1
727,1
728,2
729,1
730,3
731,3
732,9
733,2
734,2
735,1
736,1
737,4
738,1
739,1
740,7
741,2
742,2
743,1
744,2
745,2
746,1
747,1
748,3
749,3
750,7
751,2
752,1
753,3
754,1
755,1
756,1
757,1
758,6
759,8
760,1
761,2
762,1
763,5
764,1
765,2
766,2
767,1
768,3
769,1
770,1
771,1
772,1
773,3
774,1
775,17
776,1
777,2
778,1
779,6
780,1
781,1
782,1
783,1
784,1
785,1
786,3
787,3
788,2
789,1
790,1
791,4
792,1
793,1
794,1
795,1
796,1
797,2
798,1
799,1
800,2
801,1
802,2
803,1
804,7
805,2
806,3
807,2
808,2
809,1
810,11
811,1
812,4
813,1
814,1
815,1
816,3
817,7
818,8
819,10
820,1
821,2
822,9
823,2
824,1
825,3
826,10
827,4
828,2
829,1
830,41
831,3
832,6
833,41
834,2
835,1
836,1
837,2
838,1
839,10
840,1
841,30
842,3
843,2
844,14
845,4
846,128
847,2
848,6
849,2
850,1
851,4
852,2
853,2
854,7
855,4
856,2
857,1
858,4
859,1
860,2
861,1
862,1
863,2
864,1
865,4
866,1
867,1
868,2
869,22
870,1
871,1
872,1
873,5
874,1
875,1
876,4
877,8
878,2
879,21
880,2
881,7
882,2
883,12
884,1
885,1
886,4
887,1
888,2
889,2
890,96
891,6
892,4
893,1
894,3
895,1
896,2
897,4
898,4
899,1
900,6
901,1
902,14
903,3
904,7
905,4
906,1
907,1
908,1
909,1
910,1
911,4
912,4
913,1
914,1
915,18
916,1
917,3
918,22
919,1
920,1
921,4
922,3
923,2
924,1
925,1
926,21
927,18
928,1
929,10
930,2
931,7
932,3
933,1
934,4
935,6
936,1
937,5
938,1
939,2
940,9
941,2
942,1
943,1
944,1
945,9
946,3
947,2
948,37
949,3
950,8
951,1
952,1
953,15
954,1
955,2
956,3
957,1
958,4
959,1
960,1
961,4
962,1
963,1
964,4
965,1
966,1
967,1
968,1
969,6
970,1
971,2
972,1
973,1
974,11
975,2
976,9
977,1
978,3
979,1
980,1
981,61
982,1
983,3
984,1
985,1
986,1
987,17
988,5
989,33
990,1
991,1
992,1
993,1
994,1
995,1
996,2
997,1
998,1
999,3
1000,7
1001,4
1002,17
1003,9
1004,18
1005,4
1006,1
1007,1
1008,2
1009,1
1010,1
1011,37
1012,3
1013,1
1014,2
1015,1
1016,3
1017,6
1018,3
1019,1
1020,1
1021,1
1022,1
1023,5
1024,1
1025,1
1026,2
1027,3
1028,2
1029,38
1030,36
1031,22
1032,2
1033,3
1034,2
1035,2
1036,1
1037,10
1038,9
1039,6
1040,8
1041,11
1042,35
1043,2
1044,1
1045,2
1046,41
1047,1
1048,1
1049,13
1050,3
1051,45
1052,1
1053,1
1054,2
1055,2
1056,37
1057,2
1058,1
1059,1
1060,4
1061,1
1062,1
1063,3
1064,3
1065,1
1066,1
1067,24
1068,21
1069,2
1070,19
1071,4
1072,42
1073,6
1074,31
1075,1
1076,13
1077,6
1078,1
1079,3
1080,1
1081,5
1082,2
1083,8
1084,4
1085,1
1086,8
1087,3
1088,5
1089,1
1090,15
1091,1
1092,3
1093,2
1094,1
1095,10
1096,12
1097,1
1098,1
1099,43
1100,5
1101,1
1102,3
1103,1
1104,1
1105,2
1106,4
1107,2
1108,9
1109,6
1110,2
1111,2
1112,6
1113,3
1114,2
1115,1
1116,4
1117,11
1118,1
1119,10
1120,1
1121,1
1122,13
1123,7
1124,2
1125,4
1126,7
1127,2
1128,6
1129,1
1130,1
1131,3
1132,10
1133,1
1134,6
1135,1
1136,4
1137,1
1138,2
1139,1
1140,1
1141,1
1142,1
1143,28
1144,8
1145,5
1146,1
1147,26
1148,5
1149,1
1150,4
1151,8
1152,1
1153,4
1154,1
1155,1
1156,1
1157,1
1158,6
1159,4
1160,2
1161,2
1162,1
1163,2
1164,2
1165,5
1166,11
1167,2
1168,1
1169,1
1170,1
1171,29
1172,2
1173,6
1174,2
1175,3
1176,1
1177,2
1178,2
1179,10
1180,3
1181,7
1182,76
1183,1
1184,2
1185,1
1186,3
1187,4
1188,1
1189,4
1190,1
1191,1
1192,2
1193,13
1194,1
1195,1
1196,2
1197,1
1198,4
1199,1
1200,1
1201,1
1202,106
1203,2
1204,1
1205,2
1206,5
1207,3
1208,7
1209,1
1210,2
1211,7
1212,1
1213,1
1214,146
1215,6
1216,1
1217,8
1218,13
1219,15
1220,2
1221,1
1222,10
1223,1
1224,1
1225,2
1226,1
1227,2
1228,36
1229,1
1230,2
1231,5
1232,1
1233,4
1234,51
1235,2
1236,7
1237,1
1238,4
1239,6
1240,3
1241,13
1242,1
1243,67
1244,1
1245,4
1246,2
1247,2
1248,1
1249,8
1250,1
1251,1
1252,4
1253,1
1254,1
1255,1
1256,1
1257,15
1258,2
1259,1
1260,1
1261,2
1262,1
1263,3
1264,62
1265,1
1266,3
1267,11
1268,6
1269,2
1270,4
1271,2
1272,1
1273,4
1274,1
1275,1
1276,28
1277,4
1278,1
1279,3
1280,4
1281,12
1282,4
1283,1
1284,2
1285,58
1286,1
1287,1
1288,2
1289,2
1290,14
1291,1
1292,14
1293,1
1294,1
1295,3
1296,2
1297,1
1298,5
1299,10
1300,2
1301,1
1302,1
1303,1
1304,2
1305,2
1306,2
1307,1
1308,1
1309,1
1310,1
1311,1
1312,2
1313,1
1314,1
1315,24
1316,2
1317,13
1318,1
1319,1
1320,1
1321,1
1322,2
1323,1
1324,2
1325,1
1326,3
1327,38
1328,1
1329,5
1330,1
1331,6
1332,1
1333,3
1334,2
1335,5
1336,1
1337,2
1338,6
1339,10
1340,15
1341,3
1342,13
1343,4
1344,1
1345,1
1346,2
1347,6
1348,2
1349,1
1350,4
1351,4
1352,1
1353,2
1354,27
1355,2
1356,2
1357,1
1358,2
1359,1
1360,1
1361,3
1362,2
1363,2
1364,7
1365,1
1366,34
1367,1
1368,1
1369,1
1370,1
1371,2
1372,3
1373,1
1374,1
1375,1
1376,1
1377,9
1378,9
1379,2
1380,8
1381,1
1382,33
1383,2
1384,1
1385,5
1386,1
1387,1
1388,4
1389,21
1390,2
1391,1
1392,2
1393,3
1394,1
1395,1
1396,6
1397,3
1398,1
1399,20
1400,10
1401,3
1402,2
1403,1
1404,23
1405,3
1406,1
1407,2
1408,1
1409,3
1410,2
1411,3
1412,5
1413,8
1414,3
1415,9
1416,8
1417,3
1418,5
1419,10
1420,2
1421,7
1422,50
1423,2
1424,1
1425,3
1426,3
1427,8
1428,1
1429,5
1430,1
1431,1
1432,2
1433,1
1434,1
1435,6
1436,1
1437,3
1438,1
1439,4
1440,2
1441,1
1442,1
1443,3
1444,5
1445,27
1446,3
1447,2
1448,2
1449,1
1450,1
1451,1
1452,4
1453,1
1454,8
1455,3
1456,1
1457,3
1458,6
1459,17
1460,8
1461,2
1462,1
1463,12
1464,1
1465,20
1466,1
1467,6
1468,1
1469,1
1470,1
1471,1
1472,2
1473,1
1474,1
1475,1
1476,1
1477,1
1478,1
1479,1
1480,2
1481,1
1482,3
1483,1
1484,11
1485,1
1486,1
1487,8
1488,4
1489,42
1490,19
1491,1
1492,5
1493,1
1494,2
1495,2
1496,3
1497,2
1498,2
1499,3
1500,2
1501,2
1502,3
1503,6
1504,2
1505,8
1506,2
1507,1
1508,6
1509,2
1510,1
1511,7
1512,2
1513,3
1514,2
1515,59
1516,5
1517,1
1518,3
1519,1
1520,1
1521,1
1522,9
1523,1
1524,3
1525,1
1526,1
1527,2
1528,2
1529,1
1530,20
1531,1
1532,3
1533,1
1534,4
1535,1
1536,1
1537,2
1538,10
1539,4
1540,19
1541,6
1542,19
1543,4
1544,15
1545,1
1546,26
1547,22
1548,5
1549,1
1550,1
1551,2
1552,8
1553,1
1554,5
1555,2
1556,2
1557,19
1558,10
1559,1
1560,1
1561,2
1562,4
1563,13
1564,1
1565,1
1566,1
1567,2
1568,1
1569,1
1570,1
1571,2
1572,12
1573,1
1574,5
1575,1
1576,4
1577,1
1578,12
1579,25
1580,51
1581,3
1582,3
1583,1
1584,1
1585,1
1586,1
1587,5
1588,3
1589,1
1590,3
1591,61
1592,31
1593,15
1594,11
1595,1
1596,19
1597,2
1598,4
1599,2
1600,3
1601,8
1602,1
1603,2
1604,1
1605,1
1606,6
1607,2
1608,3
1609,11
1610,2
1611,29
1612,15
1613,2
1614,5
1615,1
1616,6
1617,2
1618,47
1619,2
1620,3
1621,5
1622,1
1623,17
1624,4
1625,1
1626,3
1627,20
1628,1
1629,3
1630,59
1631,16
1632,2
1633,1
1634,6
1635,3
1636,1
1637,5
1638,4
1639,2
1640,74
1641,1
1642,1
1643,21
1644,3
1645,17
1646,17
1647,5
1648,3
1649,1
1650,2
1651,2
1652,6
1653,1
1654,52
1655,2
1656,3
1657,1
1658,4
1659,1
1660,1
1661,4
1662,4
1663,3
1664,2
1665,6
1666,1
1667,36
1668,2
1669,42
1670,11
1671,3
1672,2
1673,8
1674,1
1675,1
1676,13
1677,1
1678,71
1679,1
1680,9
1681,1
1682,3
1683,7
1684,1
1685,2
1686,2
1687,2
1688,21
1689,1
1690,2
1691,6
1692,1
1693,4
1694,2
1695,1
1696,3
1697,1
1698,2
1699,2
1700,1
1701,1
1702,1
1703,1
1704,1
1705,2
1706,7
1707,3
1708,8
1709,1
1710,14
1711,14
1712,2
1713,8
1714,7
1715,12
1716,3
1717,7
1718,1
1719,2
1720,1
1721,20
1722,1
1723,3
1724,3
1725,7
1726,3
1727,6
1728,1
1729,21
1730,1
1731,2
1732,3
1733,60
1734,10
1735,2
1736,18
1737,52
1738,4
1739,2
1740,3
1741,4
1742,4
1743,8
1744,1
1745,4
1746,21
1747,1
1748,2
1749,3
1750,3
1751,1
1752,4
1753,2
1754,2
1755,5
1756,3
1757,1
1758,11
1759,1
1760,1
1761,1
1762,1
1763,1
1764,1
1765,2
1766,1
1767,1
1768,2
1769,3
1770,1
1771,1
1772,1
1773,3
1774,1
1775,1
1776,1
1777,1
1778,1
1779,3
1780,8
1781,11
1782,1
1783,3
1784,1
1785,4
1786,3
1787,2
1788,7
1789,8
1790,1
1791,17
1792,19
1793,1
1794,2
1795,1
1796,2
1797,14
1798,1
1799,1
1800,8
1801,1
1802,2
1803,1
1804,1
1805,3
1806,3
1807,1
1808,14
1809,1
1810,1
1811,3
1812,1
1813,2
1814,15
1815,2
1816,2
1817,1
1818,40
1819,11
1820,6
1821,2
1822,1
1823,3
1824,18
1825,1
1826,1
1827,55
1828,7
1829,8
1830,1
1831,1
1832,5
1833,3
1834,1
1835,1
1836,23
1837,2
1838,1
1839,14
1840,17
1841,1
1842,1
1843,19
1844,1
1845,2
1846,1
1847,2
1848,1
1849,5
1850,2
1851,25
1852,2
1853,1
1854,1
1855,2
1856,7
1857,1
1858,1
1859,8
1860,2
1861,8
1862,1
1863,14
1864,13
1865,2
1866,5
1867,6
1868,13
1869,4
1870,48
1871,9
1872,3
1873,4
1874,2
1875,1
1876,19
1877,2
1878,3
1879,5
1880,1
1881,4
1882,6
1883,77
1884,2
1885,2
1886,12
1887,2
1888,111
1889,29
1890,1
1891,3
1892,4
1893,6
1894,1
1895,1
1896,11
1897,2
1898,30
1899,1
1900,4
1901,4
1902,4
1903,1
1904,2
1905,1
1906,3
1907,3
1908,19
1909,3
1910,2
1911,19
1912,6
1913,2
1914,7
1915,2
1916,1
1917,17
1918,2
1919,5
1920,29
1921,1
1922,1
1923,11
1924,28
1925,53
1926,61
1927,1
1928,1
1929,2
1930,7
1931,1
1932,1
1933,31
1934,2
1935,1
1936,7
1937,2
1938,1
1939,1
1940,2
1941,1
1942,11
1943,3
1944,4
1945,1
1946,46
1947,1
1948,1
1949,2
1950,1
1951,2
1952,3
1953,2
1954,2
1955,37
1956,18
1957,5
1958,1
1959,11
1960,6
1961,1
1962,36
1963,6
1964,20
1965,4
1966,3
1967,3
1968,9
1969,7
1970,1
1971,1
1972,1
1973,1
1974,1
1975,1
1976,4
1977,1
1978,25
1979,2
1980,3
1981,1
1982,1
1983,8
1984,1
1985,4
1986,3
1987,1
1988,8
1989,8
1990,1
1991,6
1992,1
1993,6
1994,1
1995,5
1996,1
1997,6
1998,1
1999,1
2000,2
2001,1
2002,4
2003,5
2004,2
2005,6
2006,2
2007,3
2008,2
2009,1
2010,1
2011,1
2012,1
2013,1
2014,6
2015,2
2016,1
2017,16
2018,17
2019,6
2020,16
2021,1
2022,3
2023,2
2024,1
2025,2
2026,1
2027,3
2028,1
2029,1
2030,1
2031,4
2032,148
2033,1
2034,1
2035,4
2036,1
2037,1
2038,2
2039,1
2040,1
2041,2
2042,2
2043,2
2044,5
2045,1
2046,1
2047,1
2048,1
2049,2
2050,1
2051,2
2052,1
2053,2
2054,1
2055,4
2056,3
2057,1
2058,1
2059,1
2060,1
2061,10
2062,10
2063,2
2064,1
2065,1
2066,3
2067,3
2068,134
2069,1
2070,8
2071,63
2072,3
2073,1
2074,7
2075,2
2076,2
2077,1
2078,2
2079,1
2080,1
2081,24
2082,2
2083,12
2084,1
2085,2
2086,9
2087,2
2088,8
2089,2
2090,1
2091,58
2092,6
2093,1
2094,2
2095,1
2096,1
2097,1
2098,7
2099,1
2100,23
2101,2
2102,20
2103,5
2104,11
2105,4
2106,1
2107,1
2108,3
2109,1
2110,1
2111,5
2112,20
2113,2
2114,5
2115,23
2116,1
2117,15
2118,1
2119,30
2120,12
2121,1
2122,1
2123,1
2124,2
2125,4
2126,1
2127,2
2128,1
2129,12
2130,22
2131,1
2132,1
2133,1
2134,3
2135,3
2136,2
2137,1
2138,1
2139,1
2140,11
2141,3
2142,1
2143,1
2144,1
2145,1
2146,1
2147,2
2148,1
2149,1
2150,40
2151,1
2152,4
2153,7
2154,42
2155,5
2156,2
2157,12
2158,2
2159,3
2160,2
2161,1
2162,2
2163,1
2164,14
2165,4
2166,3
2167,1
2168,2
2169,2
2170,1
2171,1
2172,1
2173,1
2174,7
2175,1
2176,5
2177,1
2178,1
2179,1
2180,5
2181,4
2182,1
2183,1
2184,1
2185,1
2186,5
2187,2
2188,1
2189,1
2190,3
2191,4
2192,35
2193,2
2194,5
2195,1
2196,1
2197,4
2198,1
2199,1
2200,6
2201,3
2202,1
2203,2
2204,2
2205,2
2206,1
2207,182
2208,3
2209,1
2210,1
2211,3
2212,4
2213,1
2214,1
2215,20
2216,1
2217,4
2218,11
2219,21
2220,27
2221,1
2222,6
2223,4
2224,2
2225,1
2226,2
2227,3
2228,1
2229,1
2230,1
2231,8
2232,2
2233,22
2234,2
2235,93
2236,1
2237,19
2238,2
2239,1
2240,1
2241,1
2242,1
2243,1
2244,1
2245,1
2246,3
2247,1
2248,1
2249,7
2250,1
2251,1
2252,16
2253,37
2254,3
2255,9
2256,4
2257,1
2258,6
2259,1
2260,1
2261,3
2262,1
2263,2
2264,1
2265,1
2266,1
2267,4
2268,1
2269,5
2270,1
2271,4
2272,1
2273,2
2274,12
2275,1
2276,2
2277,3
2278,1
2279,3
2280,3
2281,1
2282,1
2283,14
2284,26
2285,2
2286,5
2287,2
2288,2
2289,3
2290,4
2291,2
2292,5
2293,3
2294,10
2295,4
2296,1
2297,3
2298,3
2299,1
2300,1
2301,3
2302,2
2303,1
2304,1
2305,1
2306,1
2307,1
2308,1
2309,65
2310,5
2311,7
2312,8
2313,1
2314,1
2315,1
2316,1
2317,1
2318,1
2319,1
2320,5
2321,7
2322,1
2323,16
2324,6
2325,1
2326,1
2327,1
2328,1
2329,1
2330,9
2331,27
2332,1
2333,1
2334,5
2335,13
2336,4
2337,10
2338,1
2339,52
2340,1
2341,2
2342,2
2343,14
2344,3
2345,1
2346,1
2347,1
2348,6
2349,1
2350,5
2351,1
2352,3
2353,29
2354,9
2355,2
2356,2
2357,6
2358,17
2359,1
2360,1
2361,28
2362,2
2363,2
2364,12
2365,18
2366,38
2367,8
2368,1
2369,27
2370,41
2371,23
2372,2
2373,6
2374,3
2375,19
2376,30
2377,1
2378,24
2379,1
2380,2
2381,2
2382,2
2383,1
2384,3
2385,2
2386,7
2387,1
2388,4
2389,19
2390,13
2391,9
2392,1
2393,103
2394,1
2395,42
2396,3
2397,1
2398,3
2399,2
2400,52
2401,3
2402,20
2403,3
2404,1
2405,6
2406,3
2407,8
2408,1
2409,2
2410,4
2411,1
2412,4
2413,1
2414,2
2415,1
2416,1
2417,1
2418,3
2419,1
2420,1
2421,2
2422,1
2423,1
2424,1
2425,12
2426,1
2427,1
2428,1
2429,1
2430,3
2431,2
2432,1
2433,1
2434,2
2435,2
2436,3
2437,2
2438,32
2439,4
2440,8
2441,1
2442,7
2443,9
2444,1
2445,3
2446,2
2447,3
2448,2
2449,1
2450,1
2451,3
2452,1
2453,1
2454,1
2455,19
2456,1
2457,1
2458,1
2459,1
2460,1
2461,2
2462,2
2463,1
2464,1
2465,22
2466,4
2467,1
2468,4
2469,1
2470,2
2471,2
2472,1
2473,1
2474,2
2475,2
2476,1
2477,7
2478,1
2479,1
2480,1
2481,3
2482,2
2483,2
2484,10
2485,2
2486,2
2487,80
2488,7
2489,1
2490,3
2491,2
2492,2
2493,1
2494,1
2495,4
2496,1
2497,3
2498,1
2499,3
2500,1
2501,2
2502,1
2503,1
2504,2
2505,7
2506,1
2507,1
2508,1
2509,4
2510,2
2511,8
2512,21
2513,6
2514,2
2515,1
2516,3
2517,7
2518,3
2519,4
2520,4
2521,1
2522,1
2523,1
2524,1
2525,1
2526,3
2527,14
2528,1
2529,1
2530,1
2531,65
2532,1
2533,5
2534,58
2535,25
2536,11
2537,4
2538,2
2539,17
2540,1
2541,1
2542,5
2543,2
2544,5
2545,2
2546,2
2547,1
2548,1
2549,1
2550,8
2551,2
2552,7
2553,2
2554,2
2555,4
2556,5
2557,2
2558,2
2559,1
2560,2
2561,2
2562,14
2563,1
2564,1
2565,1
2566,2
2567,17
2568,1
2569,1
2570,1
2571,12
2572,1
2573,1
2574,10
2575,7
2576,2
2577,59
2578,6
2579,2
2580,1
2581,2
2582,5
2583,25
2584,7
2585,3
2586,2
2587,2
2588,1
2589,2
2590,3
2591,19
2592,26
2593,1
2594,2
2595,20
2596,1
2597,6
2598,3
2599,1
2600,11
2601,1
2602,2
2603,1
2604,2
2605,3
2606,3
2607,1
2608,1
2609,1
2610,1
2611,1
2612,1
2613,1
2614,1
2615,1
2616,4
2617,1
2618,3
2619,1
2620,2
2621,1
2622,3
2623,1
2624,2
2625,14
2626,6
2627,1
2628,1
2629,1
2630,58
2631,9
2632,1
2633,1
2634,5
2635,8
2636,30
2637,1
2638,2
2639,1
2640,1
2641,1
2642,1
2643,1
2644,15
2645,3
2646,1
2647,1
2648,11
2649,1
2650,2
2651,12
2652,1
2653,13
2654,3
2655,5
2656,3
2657,3
2658,4
2659,5
2660,41
2661,5
2662,1
2663,12
2664,1
2665,6
2666,20
2667,9
2668,29
2669,1
2670,1
2671,1
2672,5
2673,1
2674,1
2675,2
2676,2
2677,9
2678,2
2679,16
2680,9
2681,1
2682,7
2683,1
2684,2
2685,1
2686,12
2687,1
2688,32
2689,2
2690,7
2691,6
2692,1
2693,29
2694,22
2695,2
2696,1
2697,3
2698,1
2699,3
2700,2
2701,2
2702,2
2703,1
2704,1
2705,6
2706,1
2707,4
2708,2
2709,22
2710,1
2711,9
2712,1
2713,1
2714,16
2715,2
2716,2
2717,3
2718,4
2719,1
2720,1
2721,1
2722,7
2723,10
2724,1
2725,6
2726,1
2727,1
2728,2
2729,1
2730,1
2731,3
2732,4
2733,2
2734,5
2735,9
2736,1
2737,2
2738,13
2739,3
2740,1
2741,5
2742,6
2743,3
2744,3
2745,1
2746,9
2747,7
2748,25
2749,11
2750,12
2751,12
2752,1
2753,3
2754,3
2755,35
2756,21
2757,3
2758,9
2759,3
2760,3
2761,2
2762,2
2763,2
2764,2
2765,1
2766,2
2767,63
2768,60
2769,4
2770,3
2771,10
2772,4
2773,1
2774,12
2775,5
2776,7
2777,2
2778,4
2779,3
2780,18
2781,1
2782,5
2783,16
2784,9
2785,1
2786,1
2787,25
2788,22
2789,8
2790,86
2791,5
2792,1
2793,5
2794,10
2795,1
2796,2
2797,2
2798,9
2799,4
2800,1
2801,5
2802,18
2803,2
2804,2
2805,22
2806,13
2807,4
2808,3
2809,1
2810,4
2811,1
2812,1
2813,1
2814,1
2815,3
2816,2
2817,3
2818,4
2819,2
2820,2
2821,4
2822,2
2823,5
2824,5
2825,1
2826,4
2827,5
2828,3
2829,8
2830,2
2831,3
2832,1
2833,3
2834,6
2835,2
2836,1
2837,6
2838,2
2839,43
2840,2
2841,1
2842,6
2843,46
2844,1
2845,2
2846,4
2847,2
2848,10
2849,15
2850,11
2851,5
2852,33
2853,1
2854,1
2855,3
2856,5
2857,1
2858,3
2859,9
2860,1
2861,1
2862,2
2863,1
2864,3
2865,3
2866,1
2867,13
2868,1
2869,8
2870,2
2871,2
2872,2
2873,5
2874,2
2875,2
2876,2
2877,11
2878,3
2879,1
2880,2
2881,27
2882,2
2883,35
2884,13
2885,3
2886,3
2887,49
2888,1
2889,1
2890,51
2891,1
2892,1
2893,2
2894,1
2895,89
2896,1
2897,3
2898,5
2899,1
2900,1
2901,1
2902,3
2903,17
2904,1
2905,10
2906,3
2907,4
2908,7
2909,7
2910,2
2911,18
2912,17
2913,2
2914,6
2915,1
2916,2
2917,2
2918,2
2919,1
2920,3
2921,2
2922,1
2923,2
2924,2
2925,1
2926,11
2927,2
2928,1
2929,3
2930,20
2931,1
2932,4
2933,40
2934,1
2935,3
2936,11
2937,20
2938,1
2939,2
2940,3
2941,5
2942,1
2943,1
2944,30
2945,1
2946,22
2947,4
2948,5
2949,1
2950,2
2951,3
2952,4
2953,1
2954,11
2955,1
2956,1
2957,1
2958,1
2959,1
2960,5
2961,11
2962,1
2963,4
2964,2
2965,4
2966,1
2967,1
2968,1
2969,3
2970,3
2971,5
2972,3
2973,2
2974,1
2975,1
2976,2
2977,7
2978,12
2979,16
2980,8
2981,1
2982,1
2983,1
2984,1
2985,2
2986,4
2987,2
2988,1
2989,3
2990,1
2991,3
2992,1
2993,3
2994,4
2995,1
2996,9
2997,11
2998,1
2999,1
3000,2
3001,1
3002,2
3003,1
3004,7
3005,5
3006,2
3007,6
3008,1
3009,1
3010,1
3011,1
3012,1
3013,1
3014,2
3015,1
3016,1
3017,1
3018,1
3019,2
3020,5
3021,63
3022,3
3023,8
3024,1
3025,2
3026,1
3027,1
3028,3
3029,1
3030,3
3031,2
3032,8
3033,4
3034,6
3035,26
3036,1
3037,1
3038,73
3039,6
3040,18
3041,3
3042,1
3043,2
3044,5
3045,15
3046,24
3047,4
3048,1
3049,4
3050,3
3051,12
3052,1
3053,1
3054,2
3055,1
3056,1
3057,4
3058,1
3059,1
3060,1
3061,5
3062,8
3063,1
3064,1
3065,1
3066,8
3067,1
3068,2
3069,1
3070,1
3071,4
3072,2
3073,3
3074,2
3075,3
3076,4
3077,1
3078,19
3079,12
3080,7
3081,10
3082,1
3083,5
3084,3
3085,25
3086,1
3087,1
3088,2
3089,6
3090,1
3091,25
3092,1
3093,3
3094,3
3095,58
3096,4
3097,2
3098,4
3099,1
3100,1
3101,5
3102,2
3103,6
3104,1
3105,9
3106,1
3107,1
3108,8
3109,2
3110,5
3111,27
3112,3
3113,5
3114,1
3115,1
3116,1
3117,1
3118,1
3119,1
3120,26
3121,6
3122,3
3123,2
3124,2
3125,2
3126,2
3127,1
3128,1
3129,3
3130,5
3131,1
3132,2
3133,55
3134,1
3135,4
3136,1
3137,15
3138,2
3139,10
3140,4
3141,4
3142,8
3143,1
3144,2
3145,2
3146,1
3147,2
3148,4
3149,3
3150,1
3151,11
3152,16
3153,1
3154,2
3155,1
3156,1
3157,1
3158,1
3159,1
3160,3
3161,2
3162,1
3163,6
3164,1
3165,53
3166,5
3167,1
3168,3
3169,15
3170,42
3171,1
3172,2
3173,6
3174,1
3175,5
3176,4
3177,2
3178,1
3179,7
3180,44
3181,13
3182,4
3183,1
3184,1
3185,1
3186,1
3187,1
3188,1
3189,1
3190,14
3191,4
3192,2
3193,1
3194,1
3195,6
3196,1
3197,2
3198,2
3199,10
3200,2
3201,1
3202,1
3203,146
3204,1
3205,1
3206,1
3207,1
3208,1
3209,1
3210,1
3211,4
3212,2
3213,1
3214,1
3215,9
3216,1
3217,1
3218,1
3219,1
3220,1
3221,5
3222,1
3223,2
3224,2
3225,8
3226,2
3227,9
3228,1
3229,1
3230,5
3231,7
3232,1
3233,3
3234,1
3235,1
3236,1
3237,7
3238,1
3239,3
3240,3
3241,1
3242,7
3243,32
3244,1
3245,22
3246,6
3247,3
3248,1
3249,1
3250,1
3251,3
3252,2
3253,2
3254,3
3255,1
3256,5
3257,1
3258,1
3259,1
3260,10
3261,2
3262,21
3263,1
3264,10
3265,1
3266,20
3267,5
3268,1
3269,2
3270,2
3271,1
3272,35
3273,2
3274,5
3275,1
3276,1
3277,3
3278,2
3279,8
3280,22
3281,2
3282,1
3283,1
3284,3
3285,22
3286,1
3287,3
3288,11
3289,10
3290,2
3291,41
3292,1
3293,1
3294,36
3295,2
3296,1
3297,2
3298,2
3299,2
3300,3
3301,2
3302,2
3303,24
3304,1
3305,1
3306,1
3307,1
3308,1
3309,2
3310,4
3311,1
3312,22
3313,1
3314,4
3315,1
3316,3
3317,8
3318,1
3319,3
3320,1
3321,47
3322,14
3323,2
3324,58
3325,18
3326,1
3327,15
3328,2
3329,15
3330,2
3331,3
3332,1
3333,1
3334,1
3335,1
3336,5
3337,5
3338,3
3339,1
3340,1
3341,1
3342,1
3343,2
3344,3
3345,3
3346,1
3347,3
3348,1
3349,4
3350,1
3351,1
3352,2
3353,5
3354,3
3355,1
3356,6
3357,2
3358,26
3359,5
3360,4
3361,1
3362,6
3363,4
3364,16
3365,3
3366,27
3367,1
3368,2
3369,4
3370,28
3371,3
3372,2
3373,1
3374,1
3375,2
3376,2
3377,5
3378,2
3379,1
3380,3
3381,2
3382,2
3383,1
3384,1
3385,3
3386,2
3387,3
3388,8
3389,1
3390,1
3391,1
3392,5
3393,10
3394,6
3395,8
3396,8
3397,2
3398,1
3399,1
3400,4
3401,69
3402,1
3403,1
3404,11
3405,1
3406,2
3407,21
3408,26
3409,3
3410,2
3411,5
3412,1
3413,47
3414,1
3415,1
3416,4
3417,3
3418,3
3419,1
3420,1
3421,4
3422,2
3423,1
3424,1
3425,1
3426,1
3427,3
3428,2
3429,2
3430,1
3431,1
3432,2
3433,1
3434,69
3435,12
3436,1
3437,5
3438,1
3439,4
3440,1
3441,17
3442,1
3443,7
3444,1
3445,15
3446,4
3447,4
3448,29
3449,10
3450,7
3451,4
3452,1
3453,2
3454,6
3455,3
3456,13
3457,14
3458,11
3459,1
3460,5
3461,6
3462,5
3463,4
3464,7
3465,25
3466,12
3467,50
3468,34
3469,15
3470,3
3471,2
3472,2
3473,5
3474,4
3475,6
3476,2
3477,1
3478,1
3479,1
3480,4
3481,1
3482,1
3483,1
3484,6
3485,3
3486,3
3487,1
3488,1
3489,1
3490,3
3491,21
3492,1
3493,1
3494,7
3495,5
3496,6
3497,5
3498,8
3499,37
3500,1
3501,1
3502,5
3503,2
3504,4
3505,68
3506,1
3507,1
3508,1
3509,29
3510,5
3511,7
3512,3
3513,1
3514,1
3515,1
3516,5
3517,1
3518,2
3519,1
3520,1
3521,1
3522,3
3523,1
3524,5
3525,9
3526,2
3527,3
3528,1
3529,9
3530,14
3531,4
3532,2
3533,2
3534,2
3535,1
3536,2
3537,2
3538,3
3539,1
3540,1
3541,2
3542,2
3543,3
3544,2
3545,2
3546,24
3547,4
3548,1
3549,2
3550,1
3551,2
3552,1
3553,1
3554,1
3555,1
3556,1
3557,3
3558,1
3559,29
3560,7
3561,1
3562,1
3563,37
3564,1
3565,12
3566,3
3567,1
3568,1
3569,2
3570,1
3571,1
3572,1
3573,1
3574,1
3575,1
3576,1
3577,1
3578,1
3579,4
3580,3
3581,1
3582,19
3583,55
3584,4
3585,2
3586,4
3587,30
3588,1
3589,3
3590,12
3591,1
3592,1
3593,2
3594,1
3595,2
3596,12
3597,1
3598,7
3599,5
3600,4
3601,1
3602,1
3603,6
3604,1
3605,1
3606,1
3607,3
3608,3
3609,3
3610,2
3611,1
3612,13
3613,19
3614,1
3615,4
3616,5
3617,3
3618,6
3619,1
3620,1
3621,7
3622,22
3623,17
3624,7
3625,2
3626,3
3627,2
3628,8
3629,1
3630,1
3631,1
3632,116
3633,1
3634,12
3635,1
3636,13
3637,39
3638,35
3639,1
3640,2
3641,1
3642,8
3643,2
3644,20
3645,1
3646,4
3647,1
3648,2
3649,1
3650,1
3651,8
3652,7
3653,2
3654,1
3655,2
3656,1
3657,1
3658,1
3659,19
3660,3
3661,1
3662,9
3663,2
3664,23
3665,33
3666,2
3667,1
3668,1
3669,7
3670,1
3671,3
3672,5
3673,3
3674,5
3675,56
3676,2
3677,17
3678,4
3679,4
3680,4
3681,3
3682,1
3683,1
3684,1
3685,1
3686,4
3687,1
3688,13
3689,2
3690,18
3691,20
3692,6
3693,1
3694,1
3695,2
3696,3
3697,145
3698,15
3699,3
3700,10
3701,1
3702,1
3703,1
3704,1
3705,3
3706,1
3707,1
3708,1
3709,1
3710,3
3711,1
3712,1
3713,1
3714,1
3715,8
3716,4
3717,13
3718,27
3719,3
3720,2
3721,2
3722,1
3723,1
3724,4
3725,1
3726,1
3727,3
3728,31
3729,1
3730,138
3731,4
3732,15
3733,21
3734,1
3735,1
3736,4
3737,3
3738,1
3739,17
3740,1
3741,5
3742,1
3743,4
3744,40
3745,1
3746,2
3747,3
3748,56
3749,61
3750,2
3751,9
3752,1
3753,1
3754,11
3755,4
3756,1
3757,1
3758,2
3759,1
3760,16
3761,7
3762,6
3763,12
3764,37
3765,10
3766,2
3767,1
3768,21
3769,1
3770,1
3771,3
3772,1
3773,1
3774,2
3775,5
3776,16
3777,4
3778,3
3779,1
3780,1
3781,2
3782,76
3783,11
3784,1
3785,22
3786,14
3787,17
3788,5
3789,39
3790,1
3791,5
3792,4
3793,2
3794,36
3795,2
3796,1
3797,3
3798,1
3799,2
3800,4
3801,4
3802,3
3803,3
3804,3
3805,1
3806,2
3807,1
3808,1
3809,7
3810,11
3811,3
3812,1
3813,2
3814,5
3815,16
3816,2
3817,5
3818,1
3819,1
3820,1
3821,6
3822,6
3823,4
3824,5
3825,1
3826,2
3827,2
3828,1
3829,3
3830,1
3831,1
3832,2
3833,23
3834,4
3835,1
3836,1
3837,1
3838,2
3839,2
3840,15
3841,3
3842,5
3843,60
3844,2
3845,1
3846,1
3847,6
3848,1
3849,2
3850,1
3851,10
3852,8
3853,12
3854,4
3855,8
3856,1
3857,5
3858,1
3859,4
3860,4
3861,1
3862,3
3863,2
3864,1
3865,24
3866,32
3867,1
3868,6
3869,4
3870,2
3871,1
3872,2
3873,8
3874,1
3875,5
3876,1
3877,1
3878,1
3879,1
3880,4
3881,1
3882,1
3883,1
3884,2
3885,2
3886,7
3887,6
3888,1
3889,2
3890,1
3891,1
3892,1
3893,4
3894,1
3895,3
3896,1
3897,1
3898,6
3899,2
3900,1
3901,3
3902,1
3903,2
3904,1
3905,2
3906,1
3907,2
3908,1
3909,1
3910,2
3911,16
3912,1
3913,1
3914,4
3915,1
3916,1
3917,2
3918,1
3919,2
3920,2
3921,2
3922,1
3923,1
3924,1
3925,3
3926,1
3927,1
3928,4
3929,1
3930,1
3931,1
3932,1
3933,3
3934,1
3935,2
3936,5
3937,4
3938,1
3939,3
3940,1
3941,1
3942,4
3943,1
3944,2
3945,1
3946,2
3947,3
3948,1
3949,2
3950,1
3951,1
3952,1
3953,1
3954,2
3955,2
3956,1
3957,1
3958,1
3959,1
3960,2
3961,1
3962,1
3963,1
3964,1
3965,3
3966,1
3967,6
3968,7
3969,1
3970,1
3971,1
3972,1
3973,2
3974,2
3975,4
3976,1
3977,1
3978,3
3979,1
3980,1
3981,1
3982,3
3983,1
3984,2
3985,3
3986,1
3987,12
3988,1
3989,8
3990,5
3991,5
3992,14
3993,4
3994,2
3995,14
3996,5
3997,1
3998,2
3999,1
4000,5
4001,86
4002,1
4003,2
4004,28
4005,3
4006,8
4007,1
4008,2
4009,1
4010,1
4011,16
4012,1
4013,1
4014,1
4015,4
4016,1
4017,4
4018,2
4019,33
4020,1
4021,2
4022,1
4023,21
4024,2
4025,41
4026,5
4027,1
4028,1
4029,1
4030,4
4031,1
4032,2
4033,1
4034,1
4035,3
4036,1
4037,1
4038,1
4039,1
4040,3
4041,2
4042,1
4043,1
4044,8
4045,1
4046,11
4047,1
4048,4
4049,2
4050,7
4051,3
4052,5
4053,3
4054,3
4055,12
4056,2
4057,2
4058,1
4059,2
4060,2
4061,2
4062,20
4063,20
4064,4
4065,1
4066,3
4067,1
4068,20
4069,1
4070,3
4071,1
4072,1
4073,1
4074,4
4075,1
4076,1
4077,1
4078,1
4079,1
4080,2
4081,59
4082,27
4083,2
4084,27
4085,8
4086,2
4087,1
4088,36
4089,14
4090,1
4091,2
4092,41
4093,1
4094,106
4095,2
4096,2
4097,5
4098,1
4099,4
4100,1
4101,1
4102,1
4103,1
4104,11
4105,1
4106,3
4107,1
4108,5
4109,52
4110,41
4111,1
4112,6
4113,1
4114,1
4115,1
4116,1
4117,13
4118,1
4119,1
4120,1
4121,1
4122,1
4123,7
4124,7
4125,17
4126,1
4127,32
4128,1
4129,17
4130,5
4131,11
4132,5
4133,53
4134,1
4135,29
4136,7
4137,2
4138,7
4139,1
4140,1
4141,1
4142,2
4143,2
4144,3
4145,1
4146,1
4147,1
4148,1
4149,1
4150,6
4151,1
4152,2
4153,1
4154,1
4155,3
4156,2
4157,1
4158,1
4159,1
4160,1
4161,2
4162,1
4163,2
4164,3
4165,2
4166,2
4167,1
4168,1
4169,1
4170,3
4171,1
4172,1
4173,1
4174,4
4175,1
4176,2
4177,1
4178,3
4179,1
4180,1
4181,1
4182,2
4183,5
4184,1
4185,1
4186,3
4187,5
4188,5
4189,2
4190,29
4191,2
4192,8
4193,1
4194,1
4195,10
4196,1
4197,1
4198,1
4199,1
4200,1
4201,1
4202,1
4203,3
4204,1
4205,21
4206,5
4207,2
4208,19
4209,1
4210,65
4211,3
4212,1
4213,1
4214,1
4215,1
4216,1
4217,3
4218,1
4219,2
4220,3
4221,1
4222,1
4223,3
4224,1
4225,1
4226,1
4227,1
4228,1
4229,1
4230,2
4231,1
4232,2
4233,1
4234,5
4235,1
4236,2
4237,1
4238,3
4239,1
4240,3
4241,6
4242,1
4243,23
4244,10
4245,4
4246,6
4247,1
4248,1
4249,1
4250,2
4251,48
4252,1
4253,2
4254,1
4255,40
4256,2
4257,53
4258,3
4259,5
4260,1
4261,1
4262,21
4263,1
4264,1
4265,1
4266,2
4267,2
4268,7
4269,10
4270,2
4271,1
4272,1
4273,2
4274,7
4275,5
4276,5
4277,17
4278,14
4279,4
4280,3
4281,2
4282,3
4283,3
4284,17
4285,2
4286,1
4287,1
4288,2
4289,4
4290,2
4291,34
4292,2
4293,1
4294,26
4295,1
4296,1
4297,5
4298,5
4299,2
4300,1
4301,1
4302,1
4303,1
4304,1
4305,1
4306,1
4307,2
4308,1
4309,2
4310,8
4311,1
4312,1
4313,37
4314,1
4315,1
4316,1
4317,1
4318,8
4319,2
4320,1
4321,4
4322,2
4323,1
4324,1
4325,1
4326,1
4327,2
4328,1
4329,4
4330,1
4331,2
4332,4
4333,1
4334,5
4335,1
4336,13
4337,2
4338,5
4339,5
4340,2
4341,9
4342,1
4343,18
4344,2
4345,5
4346,8
4347,1
4348,3
4349,2
4350,1
4351,1
4352,8
4353,1
4354,14
4355,2
4356,2
4357,3
4358,13
4359,2
4360,1
4361,22
4362,9
4363,4
4364,6
4365,5
4366,1
4367,1
4368,1
4369,5
4370,3
4371,8
4372,2
4373,3
4374,1
4375,86
4376,1
4377,5
4378,1
4379,3
4380,14
4381,1
4382,5
4383,1
4384,5
4385,1
4386,6
4387,2
4388,2
4389,24
4390,1
4391,3
4392,1
4393,1
4394,8
4395,1
4396,4
4397,1
4398,18
4399,6
4400,9
4401,2
4402,1
4403,1
4404,1
4405,1
4406,1
4407,1
4408,1
4409,3
4410,4
4411,3
4412,11
4413,10
4414,1
4415,6
4416,33
4417,8
4418,4
4419,2
4420,2
4421,1
4422,7
4423,1
4424,2
4425,2
4426,1
4427,1
4428,1
4429,1
4430,3
4431,4
4432,1
4433,5
4434,17
4435,1
4436,3
4437,5
4438,3
4439,5
4440,6
4441,4
4442,1
4443,1
4444,1
4445,2
4446,40
4447,23
4448,2
4449,4
4450,15
4451,3
4452,1
4453,1
4454,2
4455,3
4456,1
4457,1
4458,1
4459,16
4460,2
4461,15
4462,1
4463,16
4464,5
4465,6
4466,3
4467,62
4468,1
4469,1
4470,8
4471,2
4472,7
4473,1
4474,1
4475,5
4476,2
4477,6
4478,1
4479,17
4480,3
4481,3
4482,3
4483,2
4484,5
4485,14
4486,26
4487,1
4488,5
4489,3
4490,1
4491,1
4492,15
4493,3
4494,1
4495,2
4496,1
4497,1
4498,1
4499,1
4500,1
4501,3
4502,1
4503,1
4504,4
4505,1
4506,1
4507,2
4508,2
4509,1
4510,7
4511,3
4512,1
4513,16
4514,1
4515,1
4516,11
4517,1
4518,2
4519,4
4520,3
4521,1
4522,55
4523,12
4524,1
4525,2
4526,5
4527,1
4528,27
4529,3
4530,2
4531,5
4532,36
4533,4
4534,2
4535,2
4536,2
4537,1
4538,21
4539,22
4540,1
4541,1
4542,4
4543,1
4544,7
4545,16
4546,12
4547,70
4548,2
4549,1
4550,2
4551,2
4552,1
4553,4
4554,3
4555,1
4556,2
4557,6
4558,1
4559,4
4560,1
4561,1
4562,5
4563,2
4564,1
4565,66
4566,12
4567,3
4568,7
4569,2
4570,11
4571,1
4572,1
4573,2
4574,2
4575,4
4576,5
4577,2
4578,5
4579,1
4580,1
4581,1
4582,11
4583,9
4584,16
4585,5
4586,39
4587,6
4588,10
4589,5
4590,1
4591,16
4592,10
4593,21
4594,4
4595,1
4596,1
4597,50
4598,1
4599,1
4600,24
4601,10
4602,1
4603,3
4604,6
4605,12
4606,4
4607,10
4608,3
4609,3
4610,1
4611,13
4612,9
4613,3
4614,3
4615,9
4616,1
4617,14
4618,4
4619,1
4620,19
4621,1
4622,1
4623,2
4624,1
4625,21
4626,2
4627,1
4628,3
4629,4
4630,2
4631,2
4632,1
4633,1
4634,1
4635,3
4636,4
4637,1
4638,4
4639,6
4640,1
4641,20
4642,1
4643,1
4644,2
4645,2
4646,1
4647,2
4648,3
4649,4
4650,5
4651,1
4652,3
4653,6
4654,1
4655,1
4656,7
4657,1
4658,14
4659,2
4660,1
4661,1
4662,1
4663,4
4664,2
4665,1
4666,2
4667,4
4668,5
4669,3
4670,9
4671,20
4672,21
4673,2
4674,1
4675,1
4676,1
4677,1
4678,6
4679,2
4680,2
4681,1
4682,8
4683,3
4684,21
4685,1
4686,3
4687,4
4688,2
4689,1
4690,2
4691,1
4692,2
4693,1
4694,3
4695,2
4696,1
4697,5
4698,2
4699,1
4700,4
4701,8
4702,1
4703,12
4704,8
4705,3
4706,6
4707,22
4708,1
4709,19
4710,38
4711,4
4712,4
4713,1
4714,174
4715,2
4716,2
4717,1
4718,160
4719,23
4720,12
4721,10
4722,2
4723,7
4724,3
4725,3
4726,1
4727,4
4728,2
4729,13
4730,3
4731,1
4732,7
4733,6
4734,6
4735,19
4736,22
4737,15
4738,5
4739,16
4740,1
4741,11
4742,6
4743,17
4744,4
4745,1
4746,5
4747,7
4748,44
4749,10
4750,2
4751,1
4752,5
4753,3
4754,4
4755,18
4756,2
4757,1
4758,11
4759,2
4760,1
4761,4
4762,1
4763,1
4764,1
4765,4
4766,40
4767,13
4768,108
4769,1
4770,2
4771,2
4772,11
4773,1
4774,3
4775,2
4776,1
4777,4
4778,3
4779,1
4780,14
4781,4
4782,5
4783,5
4784,1
4785,2
4786,1
4787,3
4788,1
4789,5
4790,5
4791,2
4792,1
4793,2
4794,2
4795,1
4796,9
4797,1
4798,1
4799,1
4800,1
4801,1
4802,25
4803,9
4804,26
4805,2
4806,2
4807,1
4808,2
4809,4
4810,1
4811,2
4812,2
4813,1
4814,15
4815,1
4816,8
4817,2
4818,1
4819,1
4820,20
4821,3
4822,6
4823,1
4824,1
4825,3
4826,15
4827,1
4828,3
4829,3
4830,3
4831,4
4832,39
4833,10
4834,10
4835,3
4836,1
4837,2
4838,1
4839,1
4840,1
4841,1
4842,1
4843,3
4844,16
4845,1
4846,1
4847,2
4848,2
4849,2
4850,3
4851,2
4852,2
4853,1
4854,149
4855,1
4856,6
4857,1
4858,38
4859,1
4860,1
4861,13
4862,1
4863,20
4864,1
4865,7
4866,1
4867,1
4868,1
4869,1
4870,19
4871,1
4872,13
4873,2
4874,5
4875,1
4876,1
4877,2
4878,14
4879,3
4880,13
4881,4
4882,1
4883,1
4884,3
4885,2
4886,2
4887,1
4888,1
4889,1
4890,1
4891,3
4892,11
4893,4
4894,1
4895,8
4896,1
4897,1
4898,3
4899,1
4900,27
4901,1
4902,5
4903,5
4904,3
4905,25
4906,4
4907,3
4908,39
4909,3
4910,7
4911,6
4912,1
4913,1
4914,1
4915,23
4916,1
4917,6
4918,1
4919,7
4920,1
4921,1
4922,4
4923,2
4924,11
4925,7
4926,1
4927,12
4928,1
4929,3
4930,1
4931,1
4932,3
4933,25
4934,6
4935,5
4936,1
4937,1
4938,290
4939,4
4940,2
4941,1
4942,11
4943,4
4944,7
4945,2
4946,1
4947,2
4948,1
4949,3
4950,4
4951,1
4952,2
4953,6
4954,2
4955,35
4956,13
4957,1
4958,5
4959,4
4960,3
4961,53
4962,1
4963,1
4964,2
4965,16
4966,1
4967,2
4968,37
4969,4
4970,53
4971,7
4972,5
4973,9
4974,4
4975,10
4976,6
4977,1
4978,4
4979,1
4980,1
4981,3
4982,1
4983,3
4984,3
4985,1
4986,1
4987,3
4988,1
4989,1
4990,1
4991,2
4992,1
4993,1
4994,1
4995,2
4996,1
4997,6
4998,22
4999,6
5000,13
5001,1
5002,1
5003,2
5004,1
5005,6
5006,5
5007,1
5008,6
5009,3
5010,2
5011,1
5012,100
5013,2
5014,12
5015,1
5016,1
5017,25
5018,10
5019,2
5020,8
5021,2
5022,4
5023,5
5024,1
5025,3
5026,2
5027,2
5028,2
5029,1
5030,5
5031,1
5032,1
5033,2
5034,2
5035,2
5036,1
5037,1
5038,1
5039,13
5040,1
5041,33
5042,3
5043,4
5044,4
5045,1
5046,4
5047,2
5048,12
5049,1
5050,1
5051,1
5052,1
5053,3
5054,3
5055,1
5056,2
5057,2
5058,1
5059,1
5060,10
5061,6
5062,1
5063,25
5064,2
5065,7
5066,2
5067,8
5068,4
5069,2
5070,10
5071,14
5072,9
5073,2
5074,3
5075,2
5076,6
5077,12
5078,8
5079,1
5080,1
5081,2
5082,21
5083,3
5084,1
5085,2
5086,1
5087,1
5088,5
5089,1
5090,1
5091,1
5092,3
5093,2
5094,18
5095,1
5096,2
5097,2
5098,5
5099,1
5100,17
5101,3
5102,1
5103,1
5104,6
5105,1
5106,1
5107,2
5108,2
5109,3
5110,3
5111,5
5112,1
5113,1
5114,3
5115,2
5116,1
5117,1
5118,1
5119,2
5120,1
5121,1
5122,1
5123,24
5124,1
5125,1
5126,1
5127,1
5128,9
5129,1
5130,3
5131,2
5132,4
5133,2
5134,1
5135,27
5136,2
5137,1
5138,3
5139,2
5140,4
5141,1
5142,1
5143,1
5144,1
5145,1
5146,1
5147,1
5148,3
5149,17
5150,2
5151,29
5152,1
5153,1
5154,3
5155,1
5156,1
5157,2
5158,6
5159,4
5160,1
5161,4
5162,1
5163,1
5164,3
5165,1
5166,8
5167,1
5168,1
5169,1
5170,3
5171,30
5172,2
5173,1
5174,2
5175,9
5176,5
5177,1
5178,3
5179,2
5180,1
5181,9
5182,2
5183,2
5184,2
5185,1
5186,6
5187,2
5188,1
5189,1
5190,1
5191,1
5192,1
5193,3
5194,40
5195,1
5196,1
5197,4
5198,4
5199,11
5200,39
5201,12
5202,2
5203,2
5204,83
5205,8
5206,2
5207,4
5208,1
5209,65
5210,2
5211,6
5212,2
5213,1
5214,1
5215,3
5216,1
5217,1
5218,2
5219,4
5220,1
5221,1
5222,3
5223,2
5224,2
5225,1
5226,8
5227,2
5228,6
5229,3
5230,2
5231,2
5232,3
5233,3
5234,1
5235,11
5236,1
5237,5
5238,22
5239,11
5240,32
5241,12
5242,1
5243,1
5244,1
5245,14
5246,4
5247,5
5248,3
5249,2
5250,2
5251,1
5252,7
5253,1
5254,4
5255,1
5256,3
5257,3
5258,5
5259,31
5260,3
5261,6
5262,1
5263,3
5264,1
5265,1
5266,1
5267,5
5268,2
5269,1
5270,1
5271,2
5272,27
5273,2
5274,2
5275,20
5276,1
5277,1
5278,1
5279,9
5280,1
5281,3
5282,1
5283,4
5284,2
5285,1
5286,1
5287,2
5288,1
5289,3
5290,2
5291,3
5292,2
5293,3
5294,2
5295,1
5296,1
5297,49
5298,3
5299,2
5300,2
5301,1
5302,2
5303,1
5304,6
5305,2
5306,1
5307,8
5308,1
5309,7
5310,1
5311,1
5312,1
5313,1
5314,1
5315,1
5316,1
5317,1
5318,4
5319,1
5320,1
5321,1
5322,6
5323,1
5324,1
5325,40
5326,1
5327,2
5328,3
5329,1
5330,2
5331,24
5332,1
5333,15
5334,1
5335,1
5336,1
5337,1
5338,1
5339,1
5340,8
5341,3
5342,3
5343,7
5344,4
5345,2
5346,1
5347,4
5348,1
5349,2
5350,12
5351,1
5352,2
5353,1
5354,2
5355,45
5356,1
5357,2
5358,3
5359,1
5360,1
5361,7
5362,2
5363,4
5364,1
5365,24
5366,1
5367,3
5368,43
5369,3
5370,5
5371,1
5372,3
5373,28
5374,3
5375,20
5376,2
5377,20
5378,9
5379,1
5380,1
5381,7
5382,2
5383,3
5384,2
5385,1
5386,3
5387,1
5388,6
5389,2
5390,4
5391,4
5392,1
5393,6
5394,1
5395,16
5396,56
5397,13
5398,1
5399,1
5400,1
5401,2
5402,1
5403,3
5404,1
5405,3
5406,22
5407,60
5408,8
5409,4
5410,4
5411,9
5412,16
5413,4
5414,1
5415,1
5416,1
5417,1
5418,56
5419,1
5420,1
5421,14
5422,1
5423,2
5424,1
5425,1
5426,1
5427,1
5428,1
5429,13
5430,2
5431,2
5432,5
5433,4
5434,21
5435,2
5436,16
5437,4
5438,1
5439,2
5440,2
5441,1
5442,38
5443,1
5444,2
5445,3
5446,1
5447,1
5448,6
5449,3
5450,19
5451,1
5452,1
5453,12
5454,15
5455,1
5456,1
5457,1
5458,7
5459,1
5460,6
5461,5
5462,1
5463,1
5464,1
5465,2
5466,1
5467,2
5468,11
5469,8
5470,23
5471,14
5472,1
5473,1
5474,1
5475,4
5476,1
5477,2
5478,3
5479,1
5480,2
5481,8
5482,5
5483,3
5484,33
5485,4
5486,6
5487,1
5488,1
5489,14
5490,5
5491,14
5492,33
5493,4
5494,1
5495,8
5496,4
5497,2
5498,1
5499,14
5500,2
5501,1
5502,2
5503,6
5504,10
5505,1
5506,12
5507,1
5508,11
5509,12
5510,1
5511,9
5512,3
5513,7
5514,1
5515,1
5516,86
5517,7
5518,1
5519,53
5520,8
5521,1
5522,19
5523,1
5524,3
5525,3
5526,6
5527,1
5528,8
5529,2
5530,6
5531,4
5532,1
5533,51
5534,13
5535,21
5536,6
5537,4
5538,1
5539,3
5540,31
5541,1
5542,1
5543,1
5544,2
5545,27
5546,5
5547,2
5548,1
5549,1
5550,1
5551,2
5552,14
5553,5
5554,1
5555,36
5556,1
5557,25
5558,1
5559,6
5560,1
5561,1
5562,9
5563,2
5564,1
5565,8
5566,1
5567,5
5568,2
5569,16
5570,1
5571,3
5572,2
5573,4
5574,1
5575,1
5576,1
5577,16
5578,2
5579,1
5580,3
5581,1
5582,5
5583,1
5584,2
5585,5
5586,3
5587,8
5588,4
5589,4
5590,3
5591,1
5592,3
5593,10
5594,1
5595,32
5596,6
5597,9
5598,1
5599,3
5600,13
5601,13
5602,1
5603,2
5604,1
5605,4
5606,6
5607,7
5608,2
5609,1
5610,7
5611,1
5612,4
5613,4
5614,2
5615,7
5616,5
5617,2
5618,1
5619,4
5620,40
5621,16
5622,2
5623,6
5624,10
5625,3
5626,1
5627,1
5628,2
5629,2
5630,2
5631,1
5632,15
5633,3
5634,1
5635,20
5636,16
5637,5
5638,1
5639,1
5640,4
5641,15
5642,4
5643,4
5644,32
5645,2
5646,2
5647,2
5648,1
5649,1
5650,1
5651,84
5652,7
5653,10
5654,5
5655,6
5656,4
5657,1
5658,1
5659,1
5660,4
5661,1
5662,2
5663,2
5664,4
5665,1
5666,1
5667,6
5668,3
5669,2
5670,4
5671,1
5672,1
5673,1
5674,21
5675,1
5676,1
5677,1
5678,1
5679,4
5680,1
5681,1
5682,17
5683,15
5684,1
5685,3
5686,3
5687,3
5688,5
5689,1
5690,29
5691,7
5692,2
5693,1
5694,1
5695,5
5696,6
5697,18
5698,7
5699,1
5700,1
5701,1
5702,6
5703,1
5704,41
5705,3
5706,2
5707,4
5708,1
5709,1
5710,4
5711,16
5712,4
5713,4
5714,1
5715,4
5716,1
5717,2
5718,50
5719,1
5720,3
5721,1
5722,7
5723,16
5724,3
5725,7
5726,4
5727,1
5728,1
5729,2
5730,1
5731,1
5732,9
5733,1
5734,1
5735,29
5736,2
5737,1
5738,2
5739,1
5740,1
5741,1
5742,15
5743,1
5744,2
5745,2
5746,5
5747,1
5748,3
5749,1
5750,1
5751,2
5752,5
5753,1
5754,3
5755,1
5756,2
5757,2
5758,1
5759,2
5760,1
5761,1
5762,1
5763,1
5764,2
5765,1
5766,10
5767,2
5768,7
5769,6
5770,2
5771,7
5772,4
5773,10
5774,1
5775,1
5776,39
5777,15
5778,23
5779,3
5780,1
5781,1
5782,4
5783,4
5784,3
5785,2
5786,2
5787,1
5788,1
5789,1
5790,2
5791,1
5792,84
5793,38
5794,4
5795,1
5796,1
5797,2
5798,5
5799,1
5800,1
5801,56
5802,6
5803,1
5804,9
5805,1
5806,2
5807,3
5808,8
5809,6
5810,5
5811,1
5812,1
5813,1
5814,1
5815,4
5816,1
5817,2
5818,1
5819,1
5820,1
5821,8
5822,5
5823,3
5824,1
5825,35
5826,1
5827,84
5828,6
5829,1
5830,1
5831,2
5832,1
5833,2
5834,1
5835,2
5836,4
5837,21
5838,13
5839,2
5840,1
5841,27
5842,1
5843,98
5844,1
5845,38
5846,1
5847,22
5848,2
5849,1
5850,1
5851,1
5852,1
5853,26
5854,34
5855,17
5856,40
5857,102
5858,12
5859,4
5860,7
5861,6
5862,1
5863,5
5864,3
5865,1
5866,1
5867,1
5868,1
5869,3
5870,4
5871,12
5872,25
5873,2
5874,1
5875,2
5876,1
5877,62
5878,3
5879,1
5880,1
5881,3
5882,2
5883,4
5884,2
5885,14
5886,10
5887,2
5888,1
5889,1
5890,1
5891,1
5892,1
5893,4
5894,3
5895,4
5896,1
5897,2
5898,1
5899,12
5900,2
5901,1
5902,3
5903,4
5904,1
5905,1
5906,1
5907,1
5908,7
5909,1
5910,2
5911,1
5912,3
5913,1
5914,2
5915,1
5916,1
5917,13
5918,4
5919,1
5920,1
5921,3
5922,1
5923,1
5924,3
5925,2
5926,4
5927,2
5928,38
5929,1
5930,2
5931,28
5932,4
5933,2
5934,1
5935,3
5936,5
5937,1
5938,1
5939,1
5940,2
5941,3
5942,4
5943,1
5944,1
5945,1
5946,2
5947,2
5948,21
5949,29
5950,4
5951,54
5952,6
5953,7
5954,3
5955,6
5956,2
5957,10
5958,7
5959,13
5960,1
5961,1
5962,1
5963,24
5964,6
5965,10
5966,9
5967,4
5968,19
5969,2
5970,4
5971,1
5972,4
5973,1
5974,5
